{
  "hosting": {
    "public": "dist",
    "ignore": [
      "firebase.json",
      "**/.*",
      "**/node_modules/**"
    ],
    "headers": [
      {
        "source": "**",
        "headers": [
          {
            "key": "Content-Security-Policy",
            "value": "default-src * 'unsafe-inline' 'unsafe-eval' data: blob:; script-src * 'unsafe-inline' 'unsafe-eval'; style-src * 'unsafe-inline'; img-src * data: blob:; font-src * data:; connect-src * data: blob:;"
          }
        ]
      }
    ],
    "rewrites": [
      {
        "source": "**",
        "destination": "/index.html"
      }
    ]
  }
}